id,username,created_at,lng,lat,text
1517667979479109632,blankeaux,Sat Apr 23 00:53:37 +0000 2022,-97.5823415,30.2441645,@TheRickWilson Consent was the issue with Franken
1517667979617390594,ItsTexasT03,Sat Apr 23 00:53:37 +0000 2022,-111.931711,34.1682535,@bitcoinshoppe1 That's what I want cuz he's almost done! He got discouraged over his first paycheck like he was gon‚Ä¶ https://t.co/DlvykhtIAo
1517667980146003968,LuisTheRose,Sat Apr 23 00:53:38 +0000 2022,-81.068556,29.190223,JIMMY BLOCK
1517667981295300610,Pam_Bond_,Sat Apr 23 00:53:38 +0000 2022,-100.0768885,31.1688935,@Jubalee19 @fanewazny @RussellLancer @JohnM53093509 @RepMTG Exactly
1517667981488181248,chrisboudi,Sat Apr 23 00:53:38 +0000 2022,-83.804475,27.698681999999998,Shoulder to the face.  Ouch.
1517667981584748545,rural_mtn_life,Sat Apr 23 00:53:38 +0000 2022,-106.026119,34.166235,@barkflight I think I saw the article on Facebook where they say it could merge with the Hermits Peak Fire. Still checking.
1517667981836406785,antblive_,Sat Apr 23 00:53:38 +0000 2022,-84.433106,33.7671945,@_YungPreshhh Lol ima do da same can‚Äôt let u do me like that. üíØüíØ
1517667982733885441,chespy70,Sat Apr 23 00:53:38 +0000 2022,-118.2445,34.0564,"Happy late birthday pepino.. @ Los Angeles, California https://t.co/Qhk17gszHr"
1517667983069519872,kateburke600,Sat Apr 23 00:53:38 +0000 2022,-98.319925,38.498196,@RealRonHoward i will too
1517667984080347136,lifeofnaye,Sat Apr 23 00:53:38 +0000 2022,-76.593943,24.074967,Bold of you to assume she‚Äôs in the group chat
1517667983904186369,nickelz315,Sat Apr 23 00:53:38 +0000 2022,-77.101999,38.8808445,WILLOW ‚ù§Ô∏è‚ù§Ô∏è‚ù§Ô∏è #DragRace https://t.co/TEvjGTxsb6
1517667984491352064,PreacherOfValor,Sat Apr 23 00:53:39 +0000 2022,-73.9685415,40.780709,MONDAY MONDAY WE'RE HAVING A MUKBANG!! YOU GUYS MURDERED THE COMMUNITY CHALLENGE!! @SteelDr1fter decided on us tryi‚Ä¶ https://t.co/fnaZz2jrfv
1517667986148106244,ShaunOHara60,Sat Apr 23 00:53:39 +0000 2022,-74.20801850000001,41.011369,@giantspathanlon @NCSHOF @Giants Congrats Ronnie B!! He has been the MVP behind the scenes for so many over the years. Love this man üíôüíôüíô
1517667986684928001,renzot1954,Sat Apr 23 00:53:39 +0000 2022,-82.74685099999999,28.085863500000002,@PenelopeBaby2 Boop
1517667987314159619,MrsNoFaTe1,Sat Apr 23 00:53:39 +0000 2022,-83.26854449999999,42.2255775,Chunky tired babygirl üòÇüíó https://t.co/enSi7ddBE9
1517667989046185984,studio_daddy,Sat Apr 23 00:53:40 +0000 2022,-122.4359785,37.7706565,@JameeCornelia @jadynviolet Art goes crazy
1517667989168009217,NYCKING,Sat Apr 23 00:53:40 +0000 2022,-73.8311875,40.6708795,@LetsDuke it was race 4 yday lol wouldn't have mattered NY Finest ran and Bronx Bomber scratch that was my exacta lock
1517667989507747840,FloydSoRandom,Sat Apr 23 00:53:40 +0000 2022,-80.8467855,35.209058999999996,Yeah‚Ä¶ it‚Äôs over after this.
1517667990740738048,Manzo4012,Sat Apr 23 00:53:40 +0000 2022,-119.289097,36.5246415,Cooking for the suegra at her house (&amp; kitchen) makes me not want to mess anything up! üòÖüòã
1517667991244128257,bizerbizerrides,Sat Apr 23 00:53:40 +0000 2022,-68.98470499999999,45.188407,@suzygeiger I should have looked it up before giving him anything. It was really stupid
1517667991772712960,IssaMeBrianO,Sat Apr 23 00:53:40 +0000 2022,-96.7617535,32.819858499999995,@Jakeyin612 Hahahaha like actually.
1517667993031000065,CSHTexas2022,Sat Apr 23 00:53:41 +0000 2022,-95.31703999999999,32.315661500000004,@BlueShu22 I catch as many scenes possible.
1517667991504183302,ksallday19,Sat Apr 23 00:53:40 +0000 2022,-77.5888935,37.599557,‚Äò23 Cameron Slough stays on this breaking ball in a 2K count for a RBI single to left field. 3-0 @GAHS_BSB T6‚Ä¶ https://t.co/I1Tu9inF4C
1517667993320562688,Tcmillz_,Sat Apr 23 00:53:41 +0000 2022,-89.765519,30.2978625,This year is gonna test my discipline fasho
1517667993794326528,SirRantAndRave,Sat Apr 23 00:53:41 +0000 2022,-90.24782400000001,38.653771,That Trae pass üëÄüëÄüëÄ
1517667995178487809,cwilliams1113wy,Sat Apr 23 00:53:41 +0000 2022,-103.23341049999999,44.075227,@Kolo_Scoler @JackPosobiec Why does it bother you that they do
1517667995597905921,LaurenceTobias1,Sat Apr 23 00:53:41 +0000 2022,-73.554097,41.0983345,@NinaVee Early to bed or late to dinner. I will be late.
1517667996055097344,indicarlosss,Sat Apr 23 00:53:41 +0000 2022,-97.011168,32.655677999999995,@nytimes Been a while since DC has had a shooting
1517667996780535808,Pipe882Gma,Sat Apr 23 00:53:41 +0000 2022,-117.8874385,33.739992,@starsmitten_ @jessicahkim Hello jessica
1517667996965261315,katherine_ortaa,Sat Apr 23 00:53:42 +0000 2022,-95.44648649999999,29.838495,It‚Äôs okey at least we got here
1517667995727937536,GardenOfEdenKi1,Sat Apr 23 00:53:41 +0000 2022,-87.9672925,43.0567225,Try all 5 of our Vinaigrette Dressings/Marinades Garden of Eden Kingdom Living ¬† Promoting Healthy Eating &amp; Health‚Ä¶ https://t.co/wv9OqNzsBO
1517667997212684291,ush_sisk,Sat Apr 23 00:53:42 +0000 2022,-86.760091,33.385555,"Kyle Wright is dealing, boys.  #Braves"
1517667997451792384,Packersandbeer,Sat Apr 23 00:53:42 +0000 2022,-89.24499449999999,42.9426905,FLOP
1517667998017982465,cduvall30,Sat Apr 23 00:53:42 +0000 2022,-96.7311425,43.5410145,@tealfan21 Appreciate it!
1517667999225987074,ThompsonFoto12,Sat Apr 23 00:53:42 +0000 2022,-79.9612985,40.3307,@Crowsnestkid11 @PghSteelersNow @MikeAsti11 @ASaunders_PGH @cale_berger @FarabaughFB @mvukovcan @AustinRBechtold‚Ä¶ https://t.co/c4ywBDzIkK
1517667998970130432,whaddupcatie,Sat Apr 23 00:53:42 +0000 2022,-72.1528055,41.466526,This is how I take selfies https://t.co/V6oFb0K1I5
1517668002178682883,MitisCelestus,Sat Apr 23 00:53:43 +0000 2022,-97.1147705,33.2024955,"@lunaxshadows, waves (quiet). https://t.co/zdmcGL8baf"
1517668004577824768,vb4mb,Sat Apr 23 00:53:43 +0000 2022,-94.473,37.1517,Winner in PKs against Webb City!! #gogirlsüëë #31‚öΩÔ∏è‚ù§Ô∏èüî• @ Webb City High School https://t.co/CW7qiNGMoP
1517668005848616960,NjalTjorkilsson,Sat Apr 23 00:53:44 +0000 2022,-122.90552450000001,44.534596,I'm super stoked for anything #Dragonlance .
1517668007803248641,jennxarzate,Sat Apr 23 00:53:44 +0000 2022,-96.92614800000001,30.185581,I‚Äôve been drunk since 11amü•≤ I‚Äôm tiredüò©
1517668008071774208,byers_jv,Sat Apr 23 00:53:44 +0000 2022,-89.53377,34.35467,Mississippi State has struck out looking 5 times tonight after doing it 5 times last night
1517668007643914242,tinatheplantdoc,Sat Apr 23 00:53:44 +0000 2022,-81.5903435,28.546118999999997,Hey @NativePlantsFL look what I found growing in my garden. And I didn't even plant it! #bonus https://t.co/qiFVmTNjVx
1517668009099333634,BlackStagTexas,Sat Apr 23 00:53:44 +0000 2022,-96.7617535,32.819858499999995,@6blogger @Agent0083947756 Oh hell yeah. She's a keeper
1517668009699160066,BillShepherd5,Sat Apr 23 00:53:45 +0000 2022,-82.6694675,40.365159500000004,@nypost Next stopping that pesky voting. BY UNWORTHY PEOPLE. WHO SHOULD BE MORE RESPECTFUL OF THEIR BETTERS..TELL R‚Ä¶ https://t.co/rLRBBCaQ0O
1517668010449936387,MandlaTDeskins,Sat Apr 23 00:53:45 +0000 2022,-76.899536,38.90088299999999,@Evan_Yeats @alopez_pdx @coreyholman @ANCJonah For having a two person commission sorry should have clarified
1517668013452976128,Austin__VFL,Sat Apr 23 00:53:45 +0000 2022,-85.9785995,35.8305215,John Collins I have missed you
1517668013574705154,SavvyAsF,Sat Apr 23 00:53:46 +0000 2022,-84.433106,33.7671945,Max Fried and Kyle Wright can both get it
1517668013583044608,TheZman6,Sat Apr 23 00:53:46 +0000 2022,-89.4425895,43.184630999999996,Watching @Jrue_Holiday11 steal lunch money on a consistent basis is poetic https://t.co/8YGaX9qCpl
1517668014220451841,burbankmisfits,Sat Apr 23 00:53:46 +0000 2022,-118.4119065,34.0207895,@samanthalexi__ @DanDamageXXX @RealRKofficial @MotleyModels Hecksss yeah
1517668014392545280,Jaboy_Myles,Sat Apr 23 00:53:46 +0000 2022,-83.9561215,33.8894225,Let‚Äôs go Hawks
1517668014333698048,BottomRyGuy9,Sat Apr 23 00:53:46 +0000 2022,-111.7375655,33.4057545,I have to do this once in my life!!
1517668014115676160,CovaKarate,Sat Apr 23 00:53:46 +0000 2022,-76.098326,36.77565,"Pickup up wife at work, dog just looking at me https://t.co/3saSuzrT3V"
1517668016091189249,ankur_r_sharma,Sat Apr 23 00:53:46 +0000 2022,-97.754724,30.323345500000002,I need a cigarette
1517668017060167681,kclopton22,Sat Apr 23 00:53:46 +0000 2022,-84.3889,33.7566,I‚Äôm a huge fan of who I‚Äôm becoming.  She‚Äôs good; She‚Äôs happy; She‚Äôs doing great things; She‚Äôs living unapologet‚Ä¶ https://t.co/0EHqzWKy5m
1517668018611912704,RobertPetrocel2,Sat Apr 23 00:53:47 +0000 2022,-118.4119065,34.0207895,@OpenandMarried I'm starting the evening with a Negroni cocktail.  I intended to watch Akira Kurosawa's masterpiece‚Ä¶ https://t.co/JofrpfGWVc
1517668019983507458,zaraeleus,Sat Apr 23 00:53:47 +0000 2022,-82.21839449999999,27.93168,@GlizzyGatorGod Yes this and yes!
1517668020050616324,Hammer_Barn,Sat Apr 23 00:53:47 +0000 2022,-82.46928700000001,40.3962585,@Xzyliac I read this as part of my Final Crisis re-read and I still don't know what the fuck I read lol
1517668020776321026,classysavage923,Sat Apr 23 00:53:47 +0000 2022,-93.389864,41.938228499999994,Send me money so I can buy beer. ü§£ü§∑‚Äç‚ôÄÔ∏è
1517668021212520449,ACooperxxx,Sat Apr 23 00:53:47 +0000 2022,-79.861034,35.1704985,Shot in the dark. Any collab in NC?
1517668020578971649,conlan_ross,Sat Apr 23 00:53:47 +0000 2022,-115.133373,36.24912449999999,Good afternoon üå¥‚òÄÔ∏è https://t.co/CRB5fSAV3N
1517668021636157440,AmyKelley8,Sat Apr 23 00:53:47 +0000 2022,-95.5398525,30.181251500000002,@MGSportsTalk Open roof‚Ä¶I‚Äôm jealous. Have fun. üß°üíô
1517668021719904256,mholzschlag,Sat Apr 23 00:53:47 +0000 2022,-110.9155735,32.1893905,@michaelmaass @ImZackAdams Everybody in a capitalist or money you're in society definitely needs some grease for th‚Ä¶ https://t.co/WFWlZM4HmC
1517668021824761856,undomaggie,Sat Apr 23 00:53:47 +0000 2022,-122.455344,47.242960499999995,Adam‚Äôs regular grocery list https://t.co/vcO1Qe1DN5
1517668022604902401,LABlissmusic,Sat Apr 23 00:53:48 +0000 2022,-118.4119065,34.0207895,@ReporterClaudia @KPCC @LAist The hell it is
1517668022881820674,Stephan19586329,Sat Apr 23 00:53:48 +0000 2022,-82.6694675,40.365159500000004,Another lie
1517668022533734401,codylusnia,Sat Apr 23 00:53:48 +0000 2022,-97.552161,35.4828435,@kendrakay1225 Jason White is still clinging to those wide leg jeans https://t.co/BYj6JZbsOf
1517668023745892353,Uli_GEE,Sat Apr 23 00:53:48 +0000 2022,-87.732013,41.8335845,@Mattheius2783 Oh Mylanta !!!!!
1517668025943478273,RealSpurnandez,Sat Apr 23 00:53:48 +0000 2022,-117.32087899999999,33.226316,"Back in Cali, is the beach already calling my name‚Ä¶ ü§îüòé"
1517668027004702720,SpiroAgnewGhost,Sat Apr 23 00:53:49 +0000 2022,-118.4119065,34.0207895,The @GOP is incapable of shame‚Äîthis guy is an empty shell of a human being besides being a moron. They all lie non-‚Ä¶ https://t.co/J4Kyh1MTlz
1517668028305059841,ImJimR87,Sat Apr 23 00:53:49 +0000 2022,-87.382054,39.457639,@MikeAshleyEC I don‚Äôt know
1517668028342849536,MrHeintschel,Sat Apr 23 00:53:49 +0000 2022,-83.732464,41.501703,@IMSEOG I love your products. Please pick me and gift me with the Greek and Latin Customizable Slides! They will go‚Ä¶ https://t.co/GExbqdhuWJ
1517668028955119620,Liams_Hockey,Sat Apr 23 00:53:49 +0000 2022,-75.8001415,45.248791,@Curtisnot @tonydmayor @TSN690 @ripGuy Thank you my friend.
1517668029357858816,MariaBonita970,Sat Apr 23 00:53:49 +0000 2022,-73.8494415,40.8503475,I can see it!I am noticing some biceps!
1517668029479284737,AalandDale,Sat Apr 23 00:53:49 +0000 2022,-118.1567105,33.809171500000005,"@SnowBellesHell I was praying for identity theft, but this sure sounds like a better way to go down the tubes üòâ"
1517668029475217409,hooverstreet,Sat Apr 23 00:53:49 +0000 2022,-86.27053950000001,45.001180000000005,"@CSayf23 @CamBamBiggalo If nothing else, he has a phenomenal Twitter handle."
1517668030066696192,AboveHomehealth,Sat Apr 23 00:53:49 +0000 2022,-122.893,47.0424,"Ready to celebrate! @ Olympia, Washington https://t.co/E24fyUoOPf"
1517668030502916098,TweetingbyMatt,Sat Apr 23 00:53:50 +0000 2022,-75.117998,40.0048655,@CorkballOne Sounds confusing https://t.co/C7f6es6MY9
1517668031383719936,1ManishOne,Sat Apr 23 00:53:50 +0000 2022,-91.0907995,30.4591,@KeithJonesJr Baby yall are swamped.
1517668031224287232,GailHefley2,Sat Apr 23 00:53:50 +0000 2022,-101.816092,35.2111155,@Wendys for the win again tonight to support my #1 this Sunday @NoahGragsonüíô https://t.co/EVLuLW1V8k
1517668032545538055,opheligarcia,Sat Apr 23 00:53:50 +0000 2022,-73.9685415,40.780709,"@ Robert Pattinson alt account, why did you allow them to give you Jasper Cullen‚Äôs haircut for The Batman"
1517668032172150785,traviesojay,Sat Apr 23 00:53:50 +0000 2022,-76.255686,36.895082,Jfish has officially learned how to drive the Si and this is his future https://t.co/QLvliBM0Ji
1517668032973320192,GeoffRhymer,Sat Apr 23 00:53:50 +0000 2022,-83.1738665,32.6782075,Longest Reigning SmackDown Tag Team Champions The USOs üèÜüèÜ #SmackDown https://t.co/akgD14FQGj
1517668034323746817,VinceSheetz,Sat Apr 23 00:53:50 +0000 2022,-117.0723185,33.120359,"What happened to all that unity stuff Biden campaigned on??Sounds more like he's creating more division, hatred,‚Ä¶ https://t.co/g2Kq37CZnS"
1517668036341293056,mattstollmusic,Sat Apr 23 00:53:51 +0000 2022,-73.342667,40.903612499999994,@Yankees PAY THE MAN! JUDGE 2 DINGERS LETS GOOOO
1517668036760719363,J_D_Turney,Sat Apr 23 00:53:51 +0000 2022,-85.9785995,35.8305215,@MightyNubbs @tweetsmoe Im still laughing out fuggin loud.
1517668037104746497,Bravesfan1313,Sat Apr 23 00:53:51 +0000 2022,-106.4174305,31.793368,@5Jparker is fucking Nostradamus with what he said about Kyle Wright
1517668037184217090,PoopScoopSF,Sat Apr 23 00:53:51 +0000 2022,-122.4024254,37.7650293,"üí©üí©üí© located in Potrero Hill, D10 https://t.co/YrOQ5pXx4l https://t.co/L7x6KCGEku"
1517668037377232897,Milfcakexo,Sat Apr 23 00:53:51 +0000 2022,-121.8737305,37.331159,@1neof1one Awww that‚Äôs twinüò©üíï
1517668037515751425,Terranc82435181,Sat Apr 23 00:53:51 +0000 2022,-92.0611765,30.206079000000003,"@LTBRpodcast Yeah except nobody told her, her eyelash was falling ü§£"
1517668036966326273,kristen_bigelow,Sat Apr 23 00:53:51 +0000 2022,-84.00574800000001,43.462763499999994,Wine Time Anytimeüç∑üíó https://t.co/89BGTr0Lbv
1517668038635622400,takeshita_kenji,Sat Apr 23 00:53:51 +0000 2022,-122.52116534,47.62296207,Nice! (@ Eagle Harbor Inn in WA) https://t.co/gG8IX27pMU
1517668038253977600,MikeCunningham,Sat Apr 23 00:53:51 +0000 2022,-88.374425,40.2062765,So far this #TheBatman is not that good. Half way thru and I give it a 4 at best. https://t.co/CnamEdHqrY
1517668038786617347,crrrrrraig,Sat Apr 23 00:53:52 +0000 2022,-93.2620465,44.9706105,@CheyCab @SullyBusiness @BekaBooMN They usually get lots of vacations
1517668039075897345,samuelj41944686,Sat Apr 23 00:53:52 +0000 2022,-118.9188865,34.188478,@kevinabstract Go kill it Kevin!
1517668038811820032,ajtonge40,Sat Apr 23 00:53:52 +0000 2022,-83.1682025,42.4817475,@john_osborn I‚Äôll take a better picture next time I‚Äôm at this hot dog place (this is ripped from foursquare). But a‚Ä¶ https://t.co/7pVdLcrruE
1517668039273107456,MatthewEJohns10,Sat Apr 23 00:53:52 +0000 2022,-97.754724,30.323345500000002,@PeiWei micorosoft apps taken off phone.
1517668039327629314,transientnumber,Sat Apr 23 00:53:52 +0000 2022,-72.973717,43.6057225,Must be Tuesday?
1517668039176691713,cgpresadog,Sat Apr 23 00:53:52 +0000 2022,-89.65871286,38.85990015,"Yellow Collar Female Sire: TheWhiteWalker of Wounded Bear Dam: Fatso de Cabeza Grande DOB: February 9th, 2022‚Ä¶ https://t.co/GGvMOndJTW"
1517668040002838528,Pdxkennyg1,Sat Apr 23 00:53:52 +0000 2022,-122.630908,45.536402,But where do you stand...for or against Mickey mouse?
1517668040149815296,RyansCardssLLC,Sat Apr 23 00:53:52 +0000 2022,-83.1738665,32.6782075,@Severe_Sports 2. good?
1517668040443371520,TerrellT_,Sat Apr 23 00:53:52 +0000 2022,-83.804475,27.698681999999998,Lebron can‚Äôt be tweeting shit like that just vibe
1517668040657313792,TheBlindAmputee,Sat Apr 23 00:53:52 +0000 2022,-76.069946,36.8025415,Good burger from No Frills Bar &amp; Grill in Norfolk.
1517668040829116416,poppa511,Sat Apr 23 00:53:52 +0000 2022,-121.469664,38.561722,@XheartlessOneX üòàthank u sexy
1517668040997056515,GruvyGurl,Sat Apr 23 00:53:52 +0000 2022,-101.89717300000001,33.5705265,Omgoshies!!! YESSSSSS!!!RUN. IT. BACK. K.O.
1517668041559097345,miket19542,Sat Apr 23 00:53:52 +0000 2022,-95.44648649999999,29.838495,@wendygvp Why are you sad???
1517668042297151488,tmj_SAN_intern,Sat Apr 23 00:53:52 +0000 2022,-117.1610838,32.715738,"Join the Noblis team! See our latest #internship job openings, including ""2022 Summer Intern (San Diego, CA)"", via‚Ä¶ https://t.co/52b8PN90cA"
1517668042255314946,CoachDalconzo,Sat Apr 23 00:53:52 +0000 2022,-73.4409395,41.1562815,My guy getting a glimpse of what his arena will look like soon!
1517668042372632577,tmj_webjobs,Sat Apr 23 00:53:52 +0000 2022,-81.8115051,26.2448015,"Join the Arthrex team! See our latest #WebDesign job openings, including ""3D CAD Surgical Planner"", via the link in our bio. #Naples, FL"
1517668042838319104,TrillEverything,Sat Apr 23 00:53:52 +0000 2022,-95.44648649999999,29.838495,@maxiie__love Shut it! Lol üòÇ
1517668043626672128,sfships,Sat Apr 23 00:53:53 +0000 2022,-122.4359785,37.7706565,"Goodbye, tanker üá≤üá≠HAFNIA SCEPTRUM! Have a great time in Aberdeen, WA!"
1517668045019303938,sadsagitario,Sat Apr 23 00:53:53 +0000 2022,-98.5406515,29.417501,"@AOC All these snowflakes in these thread. Everything country that has ever existed, has taken land to expand and s‚Ä¶ https://t.co/SLiD5GHYu7"
1517668046545952768,MattDeBlasi,Sat Apr 23 00:53:53 +0000 2022,-118.4119065,34.0207895,Deebo Samuel is not on the same galaxy as Davante Adams.
1517668046696972288,JayKevinJohnson,Sat Apr 23 00:53:53 +0000 2022,-116.5172895,33.8250795,@RepMTG It takes a WASTE to understand a waste! You are a total WASTE of a human being!
1517668046252425218,jaz_z_e,Sat Apr 23 00:53:53 +0000 2022,-95.562444,29.623472,Still seeing 29K #Bitcoin as the floor in #Crypto https://t.co/v5zOUZRQjv
1517668047154155522,Reckless_Edit,Sat Apr 23 00:53:54 +0000 2022,-90.24782400000001,38.653771,@mikemwilson Truth
1517668047804317697,Spidah59NLAM,Sat Apr 23 00:53:54 +0000 2022,-88.3104475,42.0399395,@s_smirking @tariqnasheed Aint nobody talm bout that 3 years bye then.
1517668048349667330,_loveeejones,Sat Apr 23 00:53:54 +0000 2022,-77.0143985,38.898602999999994,Link up I‚Äôm at El Rey at da bar ‚Ä¶ shots on me üôÇ
1517668048714362881,RobbiFirestone,Sat Apr 23 00:53:54 +0000 2022,-106.026119,34.166235,@DaBunnyOFFICIAL ‚ÄúFrench sailor stripes &amp; bunny ears prove to be worlds most effective #aphrodisiac.‚Äù (Commenting for a #Fren.)
1517668049050083329,MastInvestments,Sat Apr 23 00:53:54 +0000 2022,-77.60468399999999,41.1179365,"Who uses just their phone to trade options?I thought folks generally used their computers, but I thought wrong‚Ä¶‚Ä¶ https://t.co/igEMBt44Hw"
1517668049045925889,KianpourWorld,Sat Apr 23 00:53:54 +0000 2022,-77.0143985,38.898602999999994,"There‚Äôs a lot of üí© in the world to focus on, but tonight we‚Äôre celebrating my twin @SocialGoodBiz with @dustinlynch‚Ä¶ https://t.co/MUtfj8whsx"
1517668051000434689,larryrstreet,Sat Apr 23 00:53:54 +0000 2022,-80.18183450000001,38.9201425,"@KristySwansonXO @ksorbs @elonmusk @elonmusk  OBAMA, wants censorship of media, he did hire the spouses of mainstre‚Ä¶ https://t.co/dae1NdibN3"
1517668051214389258,GusLicerio1,Sat Apr 23 00:53:54 +0000 2022,-101.701754,34.1887265,EXTEND HIM!!!! All Rise üßë‚Äç‚öñÔ∏è
1517668051331727362,Paulcowboysbama,Sat Apr 23 00:53:55 +0000 2022,-85.9785995,35.8305215,@StartAndParkCar @FordPerformance is better anyway
1517668051478585347,LTDanTheVoice,Sat Apr 23 00:53:55 +0000 2022,-98.831982,29.354941,It‚Äôs time to go to work at @dpcwrestling with @LTDanTheVoice clients @PowellDenzell &amp; @RickyReyes01 tonight!! #DPCW‚Ä¶ https://t.co/yXyV8ePgMC
1517668051767889920,kylesford,Sat Apr 23 00:53:55 +0000 2022,-111.726395,40.3825145,GN here‚Äôs a big ass waterfall on @ILFORDPhoto HP5+ as a timeline cleanse. https://t.co/kb9gVRFmJx
1517668052921372672,SkullztheFoxlet,Sat Apr 23 00:53:55 +0000 2022,-82.985772,39.9946835,@WafflesDoesArt Idk if ya can fit my head but it‚Äôs worth a shot üëÄ
1517668052929638400,Anitapeacelover,Sat Apr 23 00:53:55 +0000 2022,-121.8737305,37.331159,I was gonna whine but think I'll refrain and just have some wine and listen to some cool tunes instead. üç∑üéµüé∏üç∑üé∂Happy Friday Fam!
1517668055244976129,quis__custodiet,Sat Apr 23 00:53:55 +0000 2022,-118.25291,33.99609,0053ZN913WB LAPD AIR SUPPORT DIVISIONSquawk: 0246N33.9961 W118.2529Altitude: 475ftCourse: 274¬∫Groundspeed: 45‚Ä¶ https://t.co/0lwQWAmruL
1517668056880844801,DESwhatisaid,Sat Apr 23 00:53:56 +0000 2022,-76.62048200000001,39.284712999999996,"Thank God for everything, but especially for all the support I have! üôåüèæ I‚Äôm forever grateful. üôèüèæ"
1517668057090568195,AureliuzRex,Sat Apr 23 00:53:56 +0000 2022,-79.2725695,43.629311,Y‚Äôall will drink 4 cups of hot chocolate each day and then wonder why you‚Äôre fat.
1517668058432684033,RobReimer76,Sat Apr 23 00:53:56 +0000 2022,-117.08677750000001,32.66981,@PowellAnalytics Jeff Cross
1517668058906603520,nicknack013,Sat Apr 23 00:53:56 +0000 2022,-111.85839849999999,33.639340000000004,@mrruben_93 Yes!!!! We have to üñ§
1517668059217113090,JJStockwell,Sat Apr 23 00:53:56 +0000 2022,-93.3606,44.895222000000004,"@GovTimWalz Retired Navy Commander and Chief Revenue Officer, Claritas living in Edina. Grew up in Hartington, Nebr‚Ä¶ https://t.co/zr0j3e3MXH"
1517668059447767047,JacksackPhD,Sat Apr 23 00:53:56 +0000 2022,-93.389864,41.938228499999994,They not gonna call anything on giannis this is disgusting officiating
1517668059506352131,journey_ernie,Sat Apr 23 00:53:56 +0000 2022,-117.5621525,34.12167,@Iatinwave I‚Äôll stay quite ü§ê ahahaha
1517668062668857344,bwhite91,Sat Apr 23 00:53:57 +0000 2022,-112.4249755,33.4128725,@JerseySuave4 Both regular season games. CJ went OFF. Hope we can limit them to under 56% from three tonight.
1517668063633723393,yejnes,Sat Apr 23 00:53:57 +0000 2022,-71.497913,41.557321,Today's office day highlight: a visit spent counseling a patient with diabetes... in Spanish.  #primarycare #IMProud #ProudtobeGIM
1517668064908750849,UFdcp,Sat Apr 23 00:53:58 +0000 2022,-82.3302695,29.673171500000002,Big-time @actionrents!!! #OneDCP
1517668065030414339,cduvall30,Sat Apr 23 00:53:58 +0000 2022,-96.7311425,43.5410145,@mrstar01 You too!
1517668065294573569,lukeabshier,Sat Apr 23 00:53:58 +0000 2022,-92.4367735,38.3045585,@MissouriMTG I want videos of people smelling these cards
1517668065286230018,IamVeRoNiCaG,Sat Apr 23 00:53:58 +0000 2022,-95.44648649999999,29.838495,@StefaniaOkolie Finally having a day off and a weekend off.
1517668068486492163,manolosupreme,Sat Apr 23 00:53:59 +0000 2022,-84.3064885,33.9430725,I do not agree with all mental therapy‚Ä¶its mental for crying out loud‚Ä¶who are you to say or not? The brain and the‚Ä¶ https://t.co/1A2UWh8ZHj
1517668069358845953,Pattysaluti11,Sat Apr 23 00:53:59 +0000 2022,-70.9477915,42.199372999999994,NICE. I'm Hitler Liked it To.
1517668069723811840,evan_just_evan,Sat Apr 23 00:53:59 +0000 2022,-79.2725695,43.629311,@CooperCodes everything is Elden Ring and I know that boss
1517668069589626880,ErieBetterBeer,Sat Apr 23 00:53:59 +0000 2022,-80.1253128,42.0752525,"Holding up well, thanks Josh. - Drinking  The Quadfather Aged In Bourbon Barrels (Willett Barrels) by‚Ä¶ https://t.co/tinA1v8HsN"
1517668069690073088,DodgerDude74,Sat Apr 23 00:53:59 +0000 2022,-117.156338,32.708465,Lets GO Dodgers!!! üíô‚öæÔ∏èüíô‚öæÔ∏èüíô https://t.co/jvsl5Lv4fS
1517668069807644680,LHSCougarTandF,Sat Apr 23 00:53:59 +0000 2022,-85.7223455,38.195555,"Congrats to Dallyce Hudson, Kenyiah Mays, Emma Ingles, Ali Raithel on an amazing race (8th Overall) and a NEW SCHOO‚Ä¶ https://t.co/uxXA7gjWdN"
1517668070835245056,MIke_Dragich,Sat Apr 23 00:53:59 +0000 2022,-93.2620465,44.9706105,@upsahlmusic See you in Minneapolis in October!!
1517668071619522560,EverydaySuperHQ,Sat Apr 23 00:53:59 +0000 2022,-71.4218325,41.817084,@DrakeandDice Sounds like a riot! Haha
1517668072504672261,bigweb31,Sat Apr 23 00:54:00 +0000 2022,-80.1783915,26.03968,@FinFanForLife I thought everybody talked about their ex like this ü§∑üèæ‚Äç‚ôÇÔ∏èüòÇ
1517668073498722306,hennesseyuncle,Sat Apr 23 00:54:00 +0000 2022,-83.804475,27.698681999999998,Pollari w the back to back singles
1517668073859334146,ryanpayne4,Sat Apr 23 00:54:00 +0000 2022,-105.5508905,38.997935999999996,Translation: I wanna team up again.
1517668074018717698,homoseokxual,Sat Apr 23 00:54:00 +0000 2022,-80.18755300000001,25.8689385,My boss said ‚ÄúI know you‚Äôre used to seeing this (stray bullet) but it‚Äôs not normal‚Äù üßçüèæ‚Äç‚ôÄÔ∏è
1517668074123669504,Coalie00,Sat Apr 23 00:54:00 +0000 2022,-75.2014313,40.3010216,Drinking a Pabst Blue Ribbon by @pabstblueribbon @ Pound Town ‚Äî https://t.co/R0WKYVipDT
1517668075021160450,TerrellT_,Sat Apr 23 00:54:00 +0000 2022,-83.804475,27.698681999999998,My boy really an old head now
1517668075008663552,Speed_coach1,Sat Apr 23 00:54:00 +0000 2022,-87.158456,30.612925,9 athletes in 12 events moving on to regionals. School records:200300h80016004x100Too many PRs to count. Not finished. Loading‚Ä¶
1517668075692191746,_YungPreshhh,Sat Apr 23 00:54:00 +0000 2022,-122.296281,47.119285500000004,READ THAT PART AGAIN!! Not no he say/she say shit from mfs
1517668075784527874,thebighub,Sat Apr 23 00:54:00 +0000 2022,-80.926628,33.6311395,Absolutely tattooed that ball!!!
1517668076036050945,KassieRDA,Sat Apr 23 00:54:00 +0000 2022,-106.7374385,32.342299499999996,The amount of happiness and love I feel right now is unbelievable. I feel like I‚Äôm top of the world w this man üò´ü•∞ü•∞
1517668076338257920,CoachRob4Realz,Sat Apr 23 00:54:00 +0000 2022,-100.0768885,31.1688935,3-2 @Eagles_Varsity going into the 7th.
1517668077181222912,WillARich21,Sat Apr 23 00:54:01 +0000 2022,-86.791549,36.200008,When Judge starts hitting opposite field home runs &gt;&gt;&gt;
1517668077680345088,x_terminator79,Sat Apr 23 00:54:01 +0000 2022,-79.82074391,40.40282561,Leaving a path of destruction in our wake! Thank you Fredricksburg for an amazing night!! Tonight we roll through T‚Ä¶ https://t.co/cqnpE7o4zc
1517668078536081409,VenteWest,Sat Apr 23 00:54:01 +0000 2022,-95.44648649999999,29.838495,I‚Äôm attracted to knowledge not your bank account ü•±
1517668078410207232,TeamCramer1,Sat Apr 23 00:54:01 +0000 2022,-86.760091,33.385555,Straight Fireüî• Our Alabama classrooms are in good hands with this crew! #ThinkOutsideTheBox #InnovativeEducators‚Ä¶ https://t.co/BoFwY1cuR4
1517668078607347713,BarbaraMain07,Sat Apr 23 00:54:01 +0000 2022,-93.3613205,46.441860500000004,Not planning this in my lifetime ü§∑‚Äç‚ôÄÔ∏è today was just another crap load of news dumps and allowing a sitting member‚Ä¶ https://t.co/9DqzxMztZc
1517668078779305986,Dee_Menace,Sat Apr 23 00:54:01 +0000 2022,-95.44648649999999,29.838495,JESUS !! What a cannon!!
1517668079244910596,OzzieAhl2,Sat Apr 23 00:54:01 +0000 2022,-80.926628,33.6311395,üêæ‚öΩÔ∏èüêæ Final: RH_GirlsSoccer 1 - @NHS_GirlsSoccer 0. @BEARCATBACKERS @RHHSBearcats @RockHillSchools @RHHerald_Preps‚Ä¶ https://t.co/k41vtzmniT
1517668079421071363,CallenKelley,Sat Apr 23 00:54:01 +0000 2022,-83.804475,27.698681999999998,"Actually, there is such a thing as a stupid person. I get the pleasure of dealing with them on the daily üôÇ"
1517668079626383360,theverozuazua,Sat Apr 23 00:54:01 +0000 2022,-119.30660750000001,37.2691755,@DeJaSkye Happy Birthday Beautiful!
1517668079513358336,CowetaScore,Sat Apr 23 00:54:01 +0000 2022,-84.76301000000001,33.3799165,"REGION CHAMPS!@NewnanBaseball DTH Expeditors CowetaScoreBoardHS Baseball FINAL Newnan 7, East Coweta 4Cougars‚Ä¶ https://t.co/t9JIZfqObk"
1517668080763039747,STUART_1974_,Sat Apr 23 00:54:02 +0000 2022,-111.99744100000001,40.6787035,@_ileeva @Sexual_hub2 His dick is small..so he has to shake it to look cool...Lmfao......
1517668081845342208,NorthSideIsh,Sat Apr 23 00:54:02 +0000 2022,-87.732013,41.8335845,I wonder why Giannis is wearing his Giannis 1 instead of his latest model.
1517668082520633349,temporal3,Sat Apr 23 00:54:02 +0000 2022,-79.2725695,43.629311,refreshments?
1517668083166494723,thewvsportsguy,Sat Apr 23 00:54:02 +0000 2022,-81.91991300000001,38.4459025,There‚Äôs the record!!
1517668083225268226,BobbyDempsey,Sat Apr 23 00:54:02 +0000 2022,-74.574558,40.562797,This is what we play for @ Finderne https://t.co/Nb0LcGNh2f
1517668086463225857,carriebear421,Sat Apr 23 00:54:03 +0000 2022,-72.80198,41.5372335,@Man_wonders @iGreenGod Ice ice baby
1517668085985161217,XuscaSoleNY,Sat Apr 23 00:54:03 +0000 2022,-73.9685415,40.780709,"Vigil for our planet,in the #EarthDay,#CentralPark Pond #NYC https://t.co/p5lF8SDhkx"
1517668087729999875,APontbriandTV,Sat Apr 23 00:54:03 +0000 2022,-89.6596895,39.774345999999994,Go Emma!! Congrats on setting a school record!!
1517668088317104135,csplashh,Sat Apr 23 00:54:03 +0000 2022,-98.219125,32.21631,The fact he gon retire wit the most points in nba history wit a bag like this will always be crazy to me
1517668088908591107,jodyjasminee,Sat Apr 23 00:54:03 +0000 2022,-80.1226195,26.721896,@777jorgeivan I definitely do ‚ò∫Ô∏è
1517668088774279169,lisahawk0206,Sat Apr 23 00:54:03 +0000 2022,-81.97270499999999,28.049601000000003,I just entered the MOM's https://t.co/0AT5YrkY6M Moms Run The World #Sweepstakes &amp; so can you! Watch MOM weekdays n‚Ä¶ https://t.co/9F86zsuF0d
1517668089718050816,teenmethuselah,Sat Apr 23 00:54:04 +0000 2022,-90.322616,38.6107965,The virgin Cage The Elephant &lt; the chad Tom Petty https://t.co/Cc5KupZOh8
1517668090774839296,jaydenrogers_34,Sat Apr 23 00:54:04 +0000 2022,-112.12467649999999,33.5528625,Thank you @Chris_Sailer for the invitation! Can‚Äôt wait to showcase my skills!@AZKicking @CoachPerrone‚Ä¶ https://t.co/mWRYEUllrg
1517668091139928066,MilhonTrudy,Sat Apr 23 00:54:04 +0000 2022,-86.1429225,39.7795625,@kahi_kumu @JamesAl35488247 Now it is kids all races killing others at schools.
1517668091240583168,harrisshana24,Sat Apr 23 00:54:04 +0000 2022,-93.8538635,33.934425000000005,@codybot1 I like it too
1517668092612022272,Herronisland,Sat Apr 23 00:54:04 +0000 2022,-120.882482,47.273022,@ericswalwell A cup   Z brain
1517668095023882241,madelienerenee,Sat Apr 23 00:54:05 +0000 2022,-82.8152355,34.6939215,@BradP93975919 Light strips $4 Walmart they pull into the back of your tv and they have 12 color options! We have them on all our TVs
1517668094193414146,gghamari,Sat Apr 23 00:54:05 +0000 2022,-75.8001415,45.248791,The #BlueWave has arrived in #Carleton. Honoured to put up my first lawn signs today. I had so many requests that I‚Ä¶ https://t.co/8USzdA4jPc
1517668095028043778,JoeAurelus,Sat Apr 23 00:54:05 +0000 2022,-80.20726300000001,25.944446499999998,We are gifted in special way. Keep the motivation growing strong. https://t.co/RlKIqs9ayP
1517668095174713344,iembot_ddc,Sat Apr 23 00:54:05 +0000 2022,-98.319925,38.498196,"GARDEN_CITY,KS (GCK) ASOS reports gust of 64 knots (73.7 mph) from SSE @ 0050Z -- KGCK 230050Z 16039G64KT 4SM VCTS‚Ä¶ https://t.co/y4pb6cvZSD"
1517668095183056897,WX_SouthernIL,Sat Apr 23 00:54:05 +0000 2022,-98.319925,38.498196,"GARDEN_CITY,KS (GCK) ASOS reports gust of 64 knots (73.7 mph) from SSE @ 0050Z -- KGCK 230050Z 16039G64KT 4SM VCTS‚Ä¶ https://t.co/ejC227MHax"
1517668095480893443,ArmandDoma,Sat Apr 23 00:54:05 +0000 2022,-122.4359785,37.7706565,@kiangoh Here‚Äôs research from University of Michigan Center for Sustainable Systems that finds that ‚Äúdoubling urban‚Ä¶ https://t.co/6U5myNxakc
1517668094751408128,sspencer_smb,Sat Apr 23 00:54:05 +0000 2022,-73.9685415,40.780709,seems like Bitcoin has other more pressing problems than counterfeiters... #btc https://t.co/fPc7Qu9ybG
1517668095996968960,SmashmouthSigns,Sat Apr 23 00:54:05 +0000 2022,-88.044261,41.7351455,"Save America? How about Save Democracy, first. You‚Äôve seen their signs at every rally, now counter with your own in‚Ä¶ https://t.co/1j1S7TYLfK"
1517668096491720704,MileHigh_Scribs,Sat Apr 23 00:54:05 +0000 2022,-105.5508905,38.997935999999996,@Kathlee57006424 The chemicals falling from the not spraying the skies thing? https://t.co/47NmJYNe2B
1517668097934733313,IkeCuellar,Sat Apr 23 00:54:06 +0000 2022,-95.44648649999999,29.838495,@kushtopherpaul Facts
1517668098014425091,CAWafflez,Sat Apr 23 00:54:06 +0000 2022,-79.9806895,40.431388999999996,@bigmoneyap1 Alford is bad but he can hit for power occasionally. there are a few guys I'd like to see in replace o‚Ä¶ https://t.co/oiy1HORgoL
1517668098135965696,GLoBarzz,Sat Apr 23 00:54:06 +0000 2022,-83.835748,42.7904075,"We Mature With The Damage, Not With The Years. The Whole Point Of Life, Is To Change, To Evolve, To Grow, Don't Res‚Ä¶ https://t.co/ZinagxHQ59"
1517668098891001856,the_man_mulcahy,Sat Apr 23 00:54:06 +0000 2022,-73.993542,40.750752,Finally my first ever Axilla Pt II!
1517668099520008192,HAROLDtheTHIRD,Sat Apr 23 00:54:06 +0000 2022,-118.4119065,34.0207895,"if my line brother really in la that‚Äôs 7, on the shield‚Ä¶üëø"
1517668099574620160,r3albeater,Sat Apr 23 00:54:06 +0000 2022,-84.433106,33.7671945,yeah get those free throws trae lol
1517668099557896193,AndreaNimchuk,Sat Apr 23 00:54:06 +0000 2022,-75.117998,40.0048655,Can we please do something? It‚Äôs like watching paint dry. The guy had 11 ERA a few innings ago ü§¶üèª‚Äç‚ôÄÔ∏è
1517668100887437312,gmvrey,Sat Apr 23 00:54:06 +0000 2022,-100.0768885,31.1688935,i jinxed myself frfr üòÇ
1517668102493949959,clearly_tae,Sat Apr 23 00:54:07 +0000 2022,-73.62090699999999,40.702939,I should be in LA looking for a Dom Kennedy double. https://t.co/jHdOQDvycX
1517668103378903040,Scamron_Giles,Sat Apr 23 00:54:07 +0000 2022,-73.8494415,40.8503475,@sashaasofierce Son is a blade
1517668103437668360,pothen,Sat Apr 23 00:54:07 +0000 2022,-79.2725695,43.629311,"@abetreibz Are you really back on THIS nonsense, Alex?  Canadians' per capita carbon emissions are more than double‚Ä¶ https://t.co/tsGsF4MZY2"
1517668104276516875,m_galleries,Sat Apr 23 00:54:07 +0000 2022,-74.978455,40.75851,TOMORROW! Join us Sat 4/23 4pm-8 @m_galleries for our event w/ Tristan LaFerriere @KieransCreator‚Ä¶ https://t.co/wfmg3dtRWO
1517668105291546627,EtowahhsChorus,Sat Apr 23 00:54:07 +0000 2022,-80.8510428,35.0882351,Dinner was flaming hot!!! @ Kabuto Japanese Steakhouse &amp; Sushi Bar https://t.co/Si9pnpLRM6
1517668105463508992,DapperDanMidas,Sat Apr 23 00:54:07 +0000 2022,-76.62048200000001,39.284712999999996,Willow look good! #DragRaceFinale
1517668105815613442,BUTT3RFLYBABY,Sat Apr 23 00:54:07 +0000 2022,-119.02516299999999,35.3469015,feeling like her
1517668107673817088,everylotnyc,Sat Apr 23 00:54:08 +0000 2022,-73.96113,40.67576,"464 Prospect Place, Brooklyn https://t.co/vBnjwOjjCj"
1517668109204787203,JasonGreenBball,Sat Apr 23 00:54:08 +0000 2022,-89.2665075,39.7393005,"@OkBaller352 (Parker Stevenson - 2023) picks up the ""and-1"" with a silky finish after a steal at the other end.‚Ä¶ https://t.co/oh2Z6MHzYp"
1517668110911873024,katho37,Sat Apr 23 00:54:09 +0000 2022,-79.83718,40.52889,My child was asked about the work I do. I cannot love her response enough. #alphabetmafiaüåà üè≥Ô∏è‚Äç‚ößÔ∏èüè≥Ô∏è‚Äçüåàü•∞üéâ @ Mcquillan‚Ä¶ https://t.co/BqNEzlH6HU
1517668111444455424,ZizzleB,Sat Apr 23 00:54:09 +0000 2022,-105.5508905,38.997935999999996,@RayzTheRoof_ Right. Meanwhile we got this bullshit this weekend ‚òπÔ∏è https://t.co/DzPrSR9SSi
1517668112186978304,mbingo_sipho,Sat Apr 23 00:54:09 +0000 2022,-86.441236,39.766555499999996,@Realbrianaroy If he makes you smile don‚Äôt he makes you happy
1517668112233082880,olliviiabrown,Sat Apr 23 00:54:09 +0000 2022,-80.7258255,41.3212865,‚ú®my stalker‚ú®
1517668112530821122,PreacherOfValor,Sat Apr 23 00:54:09 +0000 2022,-73.9685415,40.780709,@mrrenotaku Dang no knuckles? ü§£
1517668115173109761,livviiiiii,Sat Apr 23 00:54:10 +0000 2022,-118.4119065,34.0207895,@NBarkley6 @JillianBarkley We are so fucked.
1517668116184117249,soonerrf,Sat Apr 23 00:54:10 +0000 2022,-98.114259,32.813761,@buckeyenichole Thank you
1517668116435664896,coachmmwrun,Sat Apr 23 00:54:10 +0000 2022,-120.713369,35.5626375,Mariah takes the 100m ü•á @CSUB_Track
1517668118566428673,cottle01,Sat Apr 23 00:54:11 +0000 2022,-79.9747165,40.4822915,Yo @NewsmanChris maybe start respecting people instead of tweeting and filming people walking into a funeral #firehim @KDKA
1517668117689913347,claire_nappier,Sat Apr 23 00:54:10 +0000 2022,-85.4915405,32.597245,Scrimmage game. Tied at the half! Just moved me (#33) and Mally ( #11) to the same side. VG 1 - JV B 1 at the ha‚Ä¶ https://t.co/GszKuTfXbd
1517668119413620736,AgisAmadeo,Sat Apr 23 00:54:11 +0000 2022,-157.799589,21.3199435,How tf do you transfer your eth to like actual money lol. Nothing supports my jurisdiction here in Hawaii.
1517668120541941760,BigNastyKail,Sat Apr 23 00:54:11 +0000 2022,-73.65000950000001,40.697559999999996,@WrestlingWCC Internet accounts just report anything.  We're not mark's.  Alexa Bliss is her real name and Liv Morg‚Ä¶ https://t.co/kFROA6UWcA
1517668120843984896,TUFAWON,Sat Apr 23 00:54:11 +0000 2022,-93.2620465,44.9706105,I would‚Äôve bought a bunch of bitcoin lol
1517668122244923392,BenMoore247,Sat Apr 23 00:54:11 +0000 2022,-84.46133850000001,33.452588,My goodness Vincent traveled...
1517668121703813121,born_saltwater,Sat Apr 23 00:54:11 +0000 2022,-83.804475,27.698681999999998,"We love us those fishing days! Tbt this awesome red caught by our buddy, Capt. Carter Reemelin. Appreciate you repp‚Ä¶ https://t.co/kL46chrYGm"
1517668123092168704,peteniles,Sat Apr 23 00:54:12 +0000 2022,-75.77004099999999,42.746617,@NYRutReport Can‚Äôt head off road with all that power and itty bitty highway tread on the sneakers.
1517668122991505409,VulnerableRoad,Sat Apr 23 00:54:12 +0000 2022,-72.584698,42.2477405,"@the_mgp Very sorry this happened to you and your kids. Such a terrifying situation, especially with the little ones. Be well!"
1517668123511562240,meer_nats,Sat Apr 23 00:54:12 +0000 2022,-76.8480685,39.065006,Best reliever in Nats history
1517668123775848448,JoshuaToney,Sat Apr 23 00:54:12 +0000 2022,-97.552161,35.4828435,Oh. My. Stars. Sooners always find a way! #OUDNAüß¨
1517668123754827777,MikeHardin63,Sat Apr 23 00:54:12 +0000 2022,-83.1738665,32.6782075,@SKTG77 @wsbradio They idea that a media outlet shouldn't give a serious candidate a platform is ridiculous. You wa‚Ä¶ https://t.co/7EgPeZHi06
1517668123947773953,knighki54,Sat Apr 23 00:54:12 +0000 2022,-77.229267,38.697014,@SaveAmericanDem @Emywinst He is always doing something dumb when he was engaging w other countries and said someth‚Ä¶ https://t.co/Y1iFCoehxi
1517668123524149253,empowergracewi,Sat Apr 23 00:54:12 +0000 2022,-87.876758,42.533542,@RebeccaforReal My mixed race family and children are NOT safe around @wisgop @SpeakerVos #RacistRebeccaForReal‚Ä¶ https://t.co/SWMIDI4rzy
1517668123683479552,mfbach,Sat Apr 23 00:54:12 +0000 2022,-86.791549,36.200008,"Current location in Nashville for #HEATNation game, Sam's in Old Hickory. Feels like I'm in Coconut Grove üå¥ https://t.co/1NlMvNdw5D"
1517668124409049088,____arnold,Sat Apr 23 00:54:12 +0000 2022,-111.931711,34.1682535,Don‚Äôt shine that thing in my face man
1517668125000491008,thatgirljas____,Sat Apr 23 00:54:12 +0000 2022,-97.35762,35.470364000000004,"poppin plan bs, cus ain‚Äôt planned to b stuck witcha"
1517668125612904451,zaraeleus,Sat Apr 23 00:54:12 +0000 2022,-82.21839449999999,27.93168,@Aztecross I hate paying taxes
1517668125721960448,NomadicNewsman,Sat Apr 23 00:54:12 +0000 2022,-92.4367735,38.3045585,@K_Schallhorn Respect
1517668126468435969,TheMattHolt,Sat Apr 23 00:54:12 +0000 2022,-120.539923,46.9932795,Ellensburg is a legit cool city now. Way better than I went here in the mid 2000s
1517668126900506625,cjanneyfan23,Sat Apr 23 00:54:13 +0000 2022,-71.4272115,42.155516000000006,@BackwoodSweeti3 @Furious_Stylez6 @JukeEm90 Morgan to Furious‚Ä¶ https://t.co/gquOizoGBJ
1517668127974346753,aschnitt53,Sat Apr 23 00:54:13 +0000 2022,-77.9313565,35.738678,@BFriedACC I don't think you'll have to wait long
1517668128423043072,kimmie_c_,Sat Apr 23 00:54:13 +0000 2022,-85.9785995,35.8305215,@samannraven I'd be your plus 1!And excited for you! ü•∞
1517668128536285185,AlexGatPlay,Sat Apr 23 00:54:13 +0000 2022,-77.09621000000001,38.768705,@we3churchgirls @NorthernVaLatin Yeah both my boys (the older has graduated) despised the rolling grade book. That and Schoology.
1517668129089892352,yyancyy,Sat Apr 23 00:54:13 +0000 2022,-104.92209349999999,39.713563,"@RachellShantal not me, it‚Äôs funny"
1517668129358454784,LovingHippy,Sat Apr 23 00:54:13 +0000 2022,-80.928439,41.8039265,@HazelandRemy Have a great weekend kitty friend üò∫
1517668131061350401,Erica_HHA,Sat Apr 23 00:54:14 +0000 2022,-84.31600078,39.4887289,I still have some spots left for tomorrows Saturday morning Vinyasa 9:30-10:30 am.  Meet me there! @ Allman Chiropr‚Ä¶ https://t.co/pAJ9dE8xiK
1517668131057152004,lace_jay_bee,Sat Apr 23 00:54:14 +0000 2022,-86.611411,34.7060265,LEAVE ORTEGA ALONE @GatorsBB https://t.co/qhQjoNYNUz
1517668132403519490,jennxarzate,Sat Apr 23 00:54:14 +0000 2022,-96.92614800000001,30.185581,Hopefully I make it out tnü•≤
1517668132013281281,tmj_BC_UTIL,Sat Apr 23 00:54:14 +0000 2022,-122.9182643,49.2485366,"Stop staring at the clock every day. It's time for a new career. Follow us to view jobs with titles like ""Route Ser‚Ä¶ https://t.co/J3l9HrYWZ3"
1517668132671811584,cosper_jr,Sat Apr 23 00:54:14 +0000 2022,-122.6333695,38.244454,@Jassim_alwaraqi Is the jail issue a red flag?Is she &amp; and has forgotten you?Are you pining for the love &amp; gratit‚Ä¶ https://t.co/D3JoaYZHxt
1517668132973916161,luxeinferior,Sat Apr 23 00:54:14 +0000 2022,-82.6694675,40.365159500000004,anyway i love when i know about some guy and he‚Äôs just some guy until i get really into whatever show and then he b‚Ä¶ https://t.co/XEuoeFgpVd
1517668134555164673,srs_usa,Sat Apr 23 00:54:14 +0000 2022,-86.199704,36.74762,As does most of the American population  !!!!
1517668134521552896,Bryan_Wickline,Sat Apr 23 00:54:14 +0000 2022,-82.9328535,39.60431,@jacksonwhite_17 @KJWISE7 Is he ours?
1517668135129735170,CHSEnviroSci,Sat Apr 23 00:54:14 +0000 2022,-94.8276865,39.758329,"19:30 - GOAL, PHSHSCHS - 0PHSHS - 6"
1517668135347838976,pfac51,Sat Apr 23 00:54:15 +0000 2022,-94.55867,39.1380905,@tstig78 Woot
1517668136182558722,Long_1969,Sat Apr 23 00:54:15 +0000 2022,-83.574671,41.65659049999999,Unpopular opinion...Crocs are ugly.
1517668136673288193,TerranceOmar,Sat Apr 23 00:54:15 +0000 2022,-95.44648649999999,29.838495,@summer_galvez Let me know when you come to town for some headshots
1517668136975220736,Dedrian180_,Sat Apr 23 00:54:15 +0000 2022,-87.732013,41.8335845,#BullsNation Bulls are playing very lackadaisical and not alot of energy. Little to none in 2nd chance points. This‚Ä¶ https://t.co/JgxNIJy2La
1517668137159823362,keegan_tweets,Sat Apr 23 00:54:15 +0000 2022,-83.77449,42.2695,Big wall of beer choices! https://t.co/G6rfCYq5X6
1517668138543992833,cazarex_,Sat Apr 23 00:54:15 +0000 2022,-100.29359149999999,25.6417185,"Follow us, you are very early. We are not late to save the earth."
1517668138665619456,sotomayor_jerry,Sat Apr 23 00:54:15 +0000 2022,-73.9685415,40.780709,This ‚¨áÔ∏è
1517668139038875648,heidi_seidr,Sat Apr 23 00:54:15 +0000 2022,-92.13127399999999,34.7519365,@thestraygoose lol no. Her mother stopped her üòÇ
1517668139479310336,_devinfaulkner,Sat Apr 23 00:54:16 +0000 2022,-95.99017549999999,30.083158,It‚Äôs kids in the crowd üò≠ #StepOlympics
1517668139638525953,JohnA_USMCvet,Sat Apr 23 00:54:16 +0000 2022,-120.47181,37.316222499999995,@BubbaJoeJimBob1 @PhantomAshley1 @F16Vet @pamela_sue333 @Dobieblue Yes!Welcome aboard!!üî•üí•üëç
1517668139063922688,EricTimOh,Sat Apr 23 00:54:15 +0000 2022,-117.851089,33.842863,Got the Orange Cream shake from Smokejumper‚Äôs! 9/10. https://t.co/zr3Eu4KTMZ
1517668141190434817,NWSSevereTstorm,Sat Apr 23 00:54:16 +0000 2022,-101.1715395,37.37589763,"Severe Thunderstorm Warning continues for Satanta KS, Moscow KS until 8:30 PM CDT https://t.co/Jlcs9O6lDh"
1517668143061037056,aokoak,Sat Apr 23 00:54:16 +0000 2022,-166.5996925,23.6913645,"@stefanthinks Thanks for the confirmation, I KNEW IT."
1517668142960545792,BrianFr11473,Sat Apr 23 00:54:16 +0000 2022,-73.76904250000001,41.577484,#USFL That last pass is definitely a Jeff Fisher QB play
1517668142885048328,deelystan4,Sat Apr 23 00:54:16 +0000 2022,-97.672732,30.5193405,@wiserdawg Not sure why ‚Äúbc‚Äù showed up there
1517668143518429185,nickroby,Sat Apr 23 00:54:16 +0000 2022,-80.926628,33.6311395,And Noles go to the bullpen with 2 outs in the 8th.
1517668144285945857,NicoleH37234027,Sat Apr 23 00:54:17 +0000 2022,-86.27053950000001,45.001180000000005,"@NovElection2024 If Nancy Pelosi can, absolutely!!!"
1517668145519120387,_YaDoneMessedUp,Sat Apr 23 00:54:17 +0000 2022,-76.750389,39.2067415,Did Pat McAfee say Riddle's lungs already took a beating this week?  I-#Smackdown
1517668146525712385,ayeitserinnnn,Sat Apr 23 00:54:17 +0000 2022,-81.5903435,28.546118999999997,WHAT TIME IS HARRY GOING ON TONIGHT
1517668147385364485,WinterSkoldier_,Sat Apr 23 00:54:17 +0000 2022,-111.032309,32.342708,"@BenInTucson Lol I feel that. Big time. I just started golfing not too long ago. And, I can drive tf out of the bal‚Ä¶ https://t.co/IlxsV9PmXt"
1517668147762978817,BlackVelvetxoxo,Sat Apr 23 00:54:17 +0000 2022,-98.5406515,29.417501,Any nursery recommendations? ü´∂üèª
1517668147326726144,WestBeachMusic,Sat Apr 23 00:54:17 +0000 2022,-123.123581,49.257639,"westbeachmusic found #ethereum in a Green vault at this location! Join me playing #coinhuntworld, It's awesome!‚Ä¶ https://t.co/e2NDL81seW"
1517668148421427200,LABlissmusic,Sat Apr 23 00:54:18 +0000 2022,-118.4119065,34.0207895,@daphneoneal How much did you get paid for saying this.
1517668147700064256,WestLoopTom,Sat Apr 23 00:54:17 +0000 2022,-87.732013,41.8335845,Nice night. https://t.co/PWFRtb9hQj
1517668149067493377,_teeBangz,Sat Apr 23 00:54:18 +0000 2022,-86.1429225,39.7795625,he‚Äôs so annoying‚Ä¶‚Ä¶‚Ä¶. It‚Äôs a whole bed lmfaooooooooooooo https://t.co/SmI4vbqikY
1517668148903923712,the_edge,Sat Apr 23 00:54:18 +0000 2022,-79.313153,43.666997,. @WeAreDPS are getting us amped up tonight @HistoryToronto!üì∏ @MathewTsang #deadpoetsociety #toronto #concert‚Ä¶ https://t.co/EnsawZBLOl
1517668149927325697,RUntEntrtaind,Sat Apr 23 00:54:18 +0000 2022,-71.204591,42.505534499999996,@SnarkQueenBee There's a big difference from having a big mouth and being conceited.. Trust me.. I know.. https://t.co/bVKUtj9dj0
1517668151147655168,Michsteer,Sat Apr 23 00:54:18 +0000 2022,-117.7063095,33.529449,@dsandley That‚Äôs such a great recovery run!
1517668151974146049,chriskern11,Sat Apr 23 00:54:18 +0000 2022,-95.44648649999999,29.838495,Damn looks like Lebron is getting traded cause we know the Lakers ain‚Äôt gonna be a playoff team next year.
1517668152917651457,1infinitecosmos,Sat Apr 23 00:54:19 +0000 2022,-119.30660750000001,37.2691755,"@Fateme_azizi14 So true, Fateme üïä"
1517668153081446403,rehague,Sat Apr 23 00:54:19 +0000 2022,-74.259732,40.009827,Eggplant rollatini w/ vodka sauce was a great choice for dinner. ü§§
1517668152582328320,warbenekar1,Sat Apr 23 00:54:19 +0000 2022,-95.31703999999999,32.315661500000004,"@Ben_Etcetera Found this one at Walmart, but again ymmv https://t.co/H8gFUv3hzl https://t.co/nJ6qRtPPxy"
1517668153404190724,CaptDinosaur81,Sat Apr 23 00:54:19 +0000 2022,-112.12467649999999,33.5528625,@peacemaker_wolf I Kno right üòÇüòÇ https://t.co/M2DkwHs0fm
1517668153769091072,NWSDodgeCity,Sat Apr 23 00:54:19 +0000 2022,-101.1715395,37.37589763,"Severe Thunderstorm Warning continues for Satanta KS, Moscow KS until 8:30 PM CDT https://t.co/ZiKjPj7pIq"
1517668154188705793,CoachPfeilFC,Sat Apr 23 00:54:19 +0000 2022,-85.5326538,42.1191483,Drinking a Backpacker's Blonde by @distantwhistle at @distantwhistle ‚Äî https://t.co/Uagkq7aKBo
1517668154419294208,iembot_ddc,Sat Apr 23 00:54:19 +0000 2022,-98.319925,38.498196,"At 7:35 PM CDT, 1 WSW Hugoton [Stevens Co, KS] AWOS reports NON-TSTM WND GST of M61 MPH. AWOS STATION KHQG HUGOTON. https://t.co/aaw5UebO41"
1517668154624815104,HeathWXAlerts,Sat Apr 23 00:54:19 +0000 2022,-98.319925,38.498196,"At 7:35 PM CDT, 1 WSW Hugoton [Stevens Co, KS] AWOS reports NON-TSTM WND GST of M61 MPH. AWOS STATION KHQG HUGOTON. https://t.co/7uJBncLo6V"
1517668155098816512,Scamron_Giles,Sat Apr 23 00:54:19 +0000 2022,-73.8494415,40.8503475,@westindiansilk Just blew mine Lmao
1517668155493027840,DeeDub67,Sat Apr 23 00:54:19 +0000 2022,-118.4119065,34.0207895,Butler is way more athletic than he was in the past.
1517668155602219008,bethanyg,Sat Apr 23 00:54:19 +0000 2022,-93.2311214,44.95492187,"Hi honey, I‚Äôm home @ Lawless Distilling https://t.co/zO8zJQqd5I"
1517668156873097220,cduvall30,Sat Apr 23 00:54:20 +0000 2022,-96.7311425,43.5410145,@ltapenuts @ChiefsMoGrim15 That is true as well lol
1517668156856315904,cmoorefororange,Sat Apr 23 00:54:20 +0000 2022,-83.804475,27.698681999999998,Autocratic capture - how awful.
1517668156331888640,decab8,Sat Apr 23 00:54:20 +0000 2022,-119.7824645,36.786041999999995,"Happy #EarthDay. Let me ask you, when was the last time you received free gas? On several occasions @ElectrifyAm ha‚Ä¶ https://t.co/Xbi7hGJBxj"
1517668157288235008,TreyHunter87,Sat Apr 23 00:54:20 +0000 2022,-98.716992,35.3090465,Beast
1517668157934104586,iembot_pub,Sat Apr 23 00:54:20 +0000 2022,-105.5508905,38.997935999999996,"At 5:58 PM MDT, 4 SE AIR Force Academy [El Paso Co, CO] AWOS reports NON-TSTM WND GST of M64 MPH. AWOS STATION KAFF‚Ä¶ https://t.co/FO7QqhE5tM"
1517668158227685380,iembot_ddc,Sat Apr 23 00:54:20 +0000 2022,-98.319925,38.498196,"At 7:35 PM CDT, 3 S Ulysses [Grant Co, KS] PUBLIC reports HAIL of egg size (M2.00 INCH). SOCIAL MEDIA. https://t.co/aaw5UebO41"
1517668158236020736,HeathWXAlerts,Sat Apr 23 00:54:20 +0000 2022,-98.319925,38.498196,"At 7:35 PM CDT, 3 S Ulysses [Grant Co, KS] PUBLIC reports HAIL of egg size (M2.00 INCH). SOCIAL MEDIA. https://t.co/7uJBncLo6V"
1517668158378627072,legendsdontcry,Sat Apr 23 00:54:20 +0000 2022,-117.104989,32.810012,SECOND GEAR CREW.SECOND GEAR CREW.#GCWFINDYOU
1517668158454312960,KatmaiKeith,Sat Apr 23 00:54:20 +0000 2022,-81.29165950000001,29.017060999999998,Possibly the greatest western ballad ever! https://t.co/G2BROyYKnz
1517668158173241344,jasonmflow,Sat Apr 23 00:54:20 +0000 2022,-86.834891,36.152326,"TFW you order a lunch beer, then get brought this and the server says, ‚ÄúDon‚Äôt worry it‚Äôs only $4.‚Äù The cost was not‚Ä¶ https://t.co/NZ5zwUoa6E"
1517668159876075520,JeanneDarby10,Sat Apr 23 00:54:20 +0000 2022,-122.35777250000001,47.818622500000004,@Campsunglasses Not as big but similar https://t.co/LU83U86jEk
1517668160190644224,RidOfGOP,Sat Apr 23 00:54:20 +0000 2022,-117.2879235,33.121483999999995,@CawthornforNC Embrace it Madison. The left has no problem if you like wearing women's underwear. https://t.co/MSJN6Xg4pt
1517668161914552331,sford_45,Sat Apr 23 00:54:21 +0000 2022,-97.8467395,30.568679000000003,What a fucking asshole Klaus Schwab is. He has to be devil possessed to even contrive such debauchery.
1517668162040385536,faircher,Sat Apr 23 00:54:21 +0000 2022,-78.8954405,35.9909825,"Andre Leon Talley was one of the subjects of this episode. I was sad to learn that he died just last January, befor‚Ä¶ https://t.co/Y5lKAPx5TO"
1517668164959571968,betatt81,Sat Apr 23 00:54:22 +0000 2022,-122.4359785,37.7706565,Two months of being a Ph.D research fellow at @UCSFAnesthesia and I couldn‚Äôt be happier. I feel supported and welc‚Ä¶ https://t.co/gTEfDVmYA9
1517668165798535168,AkilahCopeland3,Sat Apr 23 00:54:22 +0000 2022,-82.063185,33.4407175,"I had started speaking to some of the üöö inüíùfleet yesterday, when I was in South Augusta on Peach Orchard Rd. Then 1‚Ä¶ https://t.co/0eRymFqZHp"
1517668167333593089,VanCarlito2003,Sat Apr 23 00:54:22 +0000 2022,-97.1356375,32.70185,She would‚Äôve saw her maker on that day. Are you kidding me?!
1517668168528850944,niner_raul,Sat Apr 23 00:54:22 +0000 2022,-119.7824645,36.786041999999995,@EffiingAmaziing Lol do you fam
1517668168285798400,CCHS_Activities,Sat Apr 23 00:54:22 +0000 2022,-92.4367735,38.3045585,Congratulations to #CCHS Cheerleader Cora Howell on signing with Truman State Cheer! Good luck on your future endea‚Ä¶ https://t.co/owuvsAmQ84
1517668168495370240,Niktheisler,Sat Apr 23 00:54:22 +0000 2022,-112.12467649999999,33.5528625,Thank you @Chris_Sailer for the invite. @bashagridiron @NMStateFootball @SctSpurr @CoachSaparto @RecruitingBasha https://t.co/lQVwCXIdwL
1517668169611198465,DESwhatisaid,Sat Apr 23 00:54:23 +0000 2022,-76.62048200000001,39.284712999999996,"@_Dkiare_ Muvaaaa, I need to eat whatever you‚Äôve been eating. üò©"
1517668169669820423,yeager_chuck,Sat Apr 23 00:54:23 +0000 2022,-82.52686,28.7293145,@46_deb You are absolutely gorgeous! ‚ù§‚ù§‚ù§‚ù§
1517668170219282434,Schwarziest,Sat Apr 23 00:54:23 +0000 2022,-87.732013,41.8335845,"Giannis simply won't be called for offensive fouls, no matter how obvious. That is fucked up."
1517668171276193792,BAULAPARRANTES,Sat Apr 23 00:54:23 +0000 2022,-118.4119065,34.0207895,I know they‚Äôre on different networks but‚Ä¶ more JJ Reddick less Reggie Miller. Make it happen
1517668171414704128,dionnamariah,Sat Apr 23 00:54:23 +0000 2022,-77.60468399999999,41.1179365,literally me
1517668169762058241,hernandezsteve,Sat Apr 23 00:54:23 +0000 2022,-121.8340105,38.4475385,"Playing @GoldenTee and listening to #ThoseGutsFromWichita on @conradioshow With Conrad, @MexicoTCJS, @kcgun13,‚Ä¶ https://t.co/KFGphxXAkh"
1517668171469176832,DawgSTUCO,Sat Apr 23 00:54:23 +0000 2022,-90.131564,30.473548,Last Friday of our loved Seniors class of 2022 #CLASS IS OVER @stppschools @JNathanCorley #lookoutworld https://t.co/lRycL0ABp5
1517668172450746368,heythatnikki,Sat Apr 23 00:54:23 +0000 2022,-80.18183450000001,38.9201425,It‚Äôs us @PoxHoliday!
1517668172479877121,RCallagan,Sat Apr 23 00:54:23 +0000 2022,-122.970721,44.9852175,Vernon Roche path might be the more boring one. But you get these amazing drinking songs.
1517668172932993024,DatzzzRiiite,Sat Apr 23 00:54:23 +0000 2022,-80.09317999999999,26.4561475,@PrimeStrand Morneau trying so hard to not give Arraez credit for playing a good 1B
1517668173289607171,grant_badders,Sat Apr 23 00:54:24 +0000 2022,-77.0143985,38.898602999999994,Friday Night Lights!
1517668173482315776,RCallagan,Sat Apr 23 00:54:24 +0000 2022,-122.970721,44.9852175,"One tankard, two tankards, three tankards, four. If you're feeling badly woozy barf your guts upon the floor."
1517668173914419200,lilshawtyhoe661,Sat Apr 23 00:54:24 +0000 2022,-119.30660750000001,37.2691755,9 days until bday
1517668174023569408,B_RODcastLive,Sat Apr 23 00:54:24 +0000 2022,-84.2733985,33.703427500000004,@officialtedwinn @Kaepernick7 Let's see if the @AtlantaFalcons or any other @NFL team is still too cowardly to give him a shot.
1517668174136758272,MandalayyBayy__,Sat Apr 23 00:54:24 +0000 2022,-97.28591349999999,32.7799665,People know your weaknesses and be quick to use that shit against you. Real bitch behavior. But that‚Äôs ok.
1517668174283505664,RCallagan,Sat Apr 23 00:54:24 +0000 2022,-122.970721,44.9852175,"Five tankards, six tankards. You look like a ghoul! Don't fall 'neath the table, tar your arse to your stool."
1517668175151652864,RCallagan,Sat Apr 23 00:54:24 +0000 2022,-122.970721,44.9852175,"Ten tankards onwards and your guts are like a stone. Can't even see your prick, it's time to head for home!The Co‚Ä¶ https://t.co/wROL0uOqlT"
1517668176133165056,alisoltani,Sat Apr 23 00:54:24 +0000 2022,-118.40247127,34.06896166,Stunning 11.98ct Aquamarine Diamond Designer Ring 18Kt White gold 6.5 grams Aquamarine 11.98 carat ( Pear Shape) Di‚Ä¶ https://t.co/q0VDsV3cGQ
1517668176464539648,GregorRacki,Sat Apr 23 00:54:24 +0000 2022,-107.554562,43.000325000000004,"Imagine that you‚Äôve gone back in time to do the, you know, thing.  (The baby‚Äôs name is ELON)"
1517668177341259779,SuperAintShit,Sat Apr 23 00:54:25 +0000 2022,-98.5406515,29.417501,LMFAO
1517668177433477123,PhishsmithJam,Sat Apr 23 00:54:25 +0000 2022,-76.728619,39.963761,Trey reclaiming the rings with Axilla Dos!!   Currently seeing The Machine but on intermission
1517668177425014785,WindDuster,Sat Apr 23 00:54:25 +0000 2022,-111.135516,32.3880115,I mean it‚Äôs indisputable. I‚Äôm glad he‚Äôs a babyface and getting mad love right now.
1517668179601809408,keyissahonor,Sat Apr 23 00:54:25 +0000 2022,-118.4119065,34.0207895,Toes on Pinky. ü•∞
1517668179446800384,breadlvr69420,Sat Apr 23 00:54:25 +0000 2022,-87.732013,41.8335845,all kpop stans (who aren‚Äôt me and my friends) are going to hell actually because why ru buying concert tickets that‚Ä¶ https://t.co/vO0Gb15b8Z
1517668181522923522,raist761,Sat Apr 23 00:54:26 +0000 2022,-111.2978705,47.493836,@UKRevolution4 Yes.  And they're having fun with it.
1517668181287964672,jaredleesmith,Sat Apr 23 00:54:25 +0000 2022,-112.12467649999999,33.5528625,Roof open at Chase Field tonight üëÄ https://t.co/voZ1R82piJ
1517668182936342528,harris_brody,Sat Apr 23 00:54:26 +0000 2022,-104.949845,39.9054745,@nilslorand @GrodyFPS @ZuriPOL @RuvodeS @SPUNJ Unfortunately not at all true
1517668184324775942,Badgerswimr,Sat Apr 23 00:54:26 +0000 2022,-88.416258,41.946893,@j_lew_21 @Cornfrmr Yup but it wasn‚Äôt half the growing area California Oregon don‚Äôt factor into corn beans and wheat
1517668183418753024,TravellinFoodie,Sat Apr 23 00:54:26 +0000 2022,-79.2725695,43.629311,If you're looking for something to do this weekend in Toronto! üôå https://t.co/q600EHIv1y
1517668184316329984,TheBookofArmand,Sat Apr 23 00:54:26 +0000 2022,-81.549164,28.371559,I might have a problem #Epcot #Harmonious https://t.co/KQggpL0Pwo
1517668184798728193,popmortem,Sat Apr 23 00:54:26 +0000 2022,-97.754724,30.323345500000002,@gholson Still cooking Beta from Last Starfighter vibes. https://t.co/qUZyRi7FUw
1517668185083891717,The_Breeze53,Sat Apr 23 00:54:26 +0000 2022,-86.6807375,32.576227,üò† ‚ÄúHide my disgust? Not me!‚Äùü§¨
1517668185142661121,ForzaEnjay,Sat Apr 23 00:54:26 +0000 2022,-74.456317,40.698514,I already miss Cameron Maybin in the booth @YESNetwork
1517668185520189440,Roto_Frank,Sat Apr 23 00:54:26 +0000 2022,-73.8494415,40.8503475,@djkruzkii Judge
1517668185578913793,martytantum,Sat Apr 23 00:54:27 +0000 2022,-77.60468399999999,41.1179365,@J_McCloskey_Jr @afrankl3 I thought Will Fuller went to West Catholic?
1517668185495019522,madelienerenee,Sat Apr 23 00:54:26 +0000 2022,-82.8152355,34.6939215,@BradP93975919 Plug*
1517668185645932544,Pattysaluti11,Sat Apr 23 00:54:27 +0000 2022,-70.9477915,42.199372999999994,Nice Do Hitless.
1517668186216349698,DavidTheus,Sat Apr 23 00:54:27 +0000 2022,-81.71881350000001,30.094155,@AnthonySabatini @GOP Put me in Coach! üá∫üá∏
1517668186581352451,golf69ski88,Sat Apr 23 00:54:27 +0000 2022,-89.5694915,44.900818,@practicalgolf Got the hickories ready for Saturday despite getting 2‚Äù of rain today‚Ä¶no roll &amp; mud balls coming‚Ä¶
1517668186463907844,codylusnia,Sat Apr 23 00:54:27 +0000 2022,-97.552161,35.4828435,@funkhouserd It was difficult enough to just walk https://t.co/07dMxfLyn1
1517668187680251908,Aliky91973411,Sat Apr 23 00:54:27 +0000 2022,-79.4283755,43.903509,COVID sucks!!! At least let me breathe without hacking up a lung. I guess this is what I get for making out with the bsb postersü§¶‚Äç‚ôÄÔ∏è
1517668187457961984,Na_thugging,Sat Apr 23 00:54:27 +0000 2022,-74.465045,40.513783,üì∏‚Ä¶pose. https://t.co/Br0AiTtngZ
1517668186795253761,puccini_thomas,Sat Apr 23 00:54:27 +0000 2022,-73.859878,41.073823,"Another great game for the Boys Modified Lacrosse Team! The Eagles finished in a tie with Sleepy Hollow, 4-4. We ha‚Ä¶ https://t.co/l8Jw4iPoOa"
1517668189320187904,_aavisuals_,Sat Apr 23 00:54:27 +0000 2022,-119.02516299999999,35.3469015,"I really wanted it to be you so bad, until I understood that you didn‚Äôt want it to be."
1517668189408272392,rhedfive1,Sat Apr 23 00:54:27 +0000 2022,-83.1738665,32.6782075,@MolonelCustard @mws @MrBeast I‚Äôm 900% down
1517668188951138304,mannytopdog,Sat Apr 23 00:54:27 +0000 2022,-119.2289915,34.289689499999994,@LionCuban @GregCowboys @Montejp231 @collazophilly @emscharf @chili227 @5280Keith @Juliolcubano @IsVatIs‚Ä¶ https://t.co/1pDLNaX3I9
1517668189546688514,LewDawg85,Sat Apr 23 00:54:27 +0000 2022,-92.9965335,30.237724,This dude always shit when I pull the camera out.. https://t.co/YWvS9HBUCT
1517668191228420096,ls1228,Sat Apr 23 00:54:28 +0000 2022,-117.7823605,33.689732,"@RawStory So, if #MTG is represented by one of Trump‚Äôs lawyers, who‚Äôs paying him?  Huge conflict of interest, and s‚Ä¶ https://t.co/dOn43JIJ0V"
1517668191039889414,cwg_golf,Sat Apr 23 00:54:28 +0000 2022,-87.064933,30.384825499999998,Day 1 of ECJGT Spring Championship at the Sandestin Resort Baytowne Golf Course is tomorrow! Swing is in great form‚Ä¶ https://t.co/FbfoaTDrMl
1517668193090740225,fnagrom,Sat Apr 23 00:54:28 +0000 2022,-122.2286855,37.791994,The first CaliforniansShellmounds throughout the Bay area tell us local Indian history for thousands of yearshttps://t.co/81lRaVrOYw
1517668193422258179,Aye_Pain,Sat Apr 23 00:54:28 +0000 2022,-87.732013,41.8335845,@ChuckSmith414 You here??
1517668193757659136,LarryMonske2,Sat Apr 23 00:54:28 +0000 2022,-112.12467649999999,33.5528625,A name of Brittany_montrose could be roommate or her this name is associated with fake Lana. She has alter and elim‚Ä¶ https://t.co/hDLbhRwoLY
1517668194420412419,TorianWhite,Sat Apr 23 00:54:29 +0000 2022,-83.1738665,32.6782075,"Congratulations Coach Campbell, Coaching staff, and Mustang Track team!"
1517668193342562304,jonblade98,Sat Apr 23 00:54:28 +0000 2022,-76.05248,36.917107,"Another weekend of camping, this time at First Landing State Park in Virginia Beach, VA. https://t.co/oNFrmZsfsa"
1517668194659541000,Pam_Bond_,Sat Apr 23 00:54:29 +0000 2022,-100.0768885,31.1688935,@JohnM53093509 @RepMTG You have your info wrong. Do more research.
1517668194181431296,ricktillery,Sat Apr 23 00:54:29 +0000 2022,-94.2187445,36.3739955,Found the place I‚Äôll be using as my office for the next couple of weeks. The Meteor Cafe has great food and coffee‚Ä¶ https://t.co/913SvmRs6s
1517668195200638978,surfelvistx,Sat Apr 23 00:54:29 +0000 2022,-97.754724,30.323345500000002,@Emywinst Especially this loser who knows she was right all along... https://t.co/QIPmxwCRCB
1517668196597342214,smileeBWR,Sat Apr 23 00:54:29 +0000 2022,-87.732013,41.8335845,My baby ü•∫ü•∫ü•∫
1517668196739866624,A_twist561,Sat Apr 23 00:54:29 +0000 2022,-82.3302695,29.673171500000002,Jimmy Butler is just flying around the court tonight. Honestly didn‚Äôt know he still had this in him.
1517668196928528385,TinaKotek,Sat Apr 23 00:54:29 +0000 2022,-122.630908,45.536402,I‚Äôm running for Governor because we need to build on the progress we‚Äôve made to fight climate change. I‚Äôm proud to‚Ä¶ https://t.co/KyJNubjH6B
1517668197498982401,ArelyLiset,Sat Apr 23 00:54:29 +0000 2022,-123.029015,44.935084,"@HeyFrazzles Yup, and she BLAMED the dogs!"
1517668198006595585,jsreid2000,Sat Apr 23 00:54:29 +0000 2022,-96.835249,33.1501395,"@ProspectTimes Cody was bad, but unholy Fielding errors!!  Procyshen murdered the catch on the popup, Ornelas decid‚Ä¶ https://t.co/9zSuFVVsxm"
1517668197977231360,HadynChases,Sat Apr 23 00:54:29 +0000 2022,-98.407535,40.603761,That‚Äôs fishy.. Ulysses Kansas https://t.co/YcKNnEHD6e
1517668198593802243,CarlosQ200,Sat Apr 23 00:54:30 +0000 2022,-73.8311875,40.6708795,@urbanmodernism Yea that‚Äôs expected here in queens there at 700k and up.
1517668197503172609,JoseNavaBravo,Sat Apr 23 00:54:29 +0000 2022,-117.202221,32.732365,@LEVIS so I am at @SanDiegoAirport  and  this happen to me as I sat down to wait for my next flight to Phoenix. I b‚Ä¶ https://t.co/DoftoK5TWO
1517668198946123776,_underated4,Sat Apr 23 00:54:30 +0000 2022,-89.87644900000001,32.571032,If we never speak again I‚Äôm just I got to tell the truthüíØ
1517668198996316162,KDTheKreator,Sat Apr 23 00:54:30 +0000 2022,-118.4119065,34.0207895,Bruh I was about to say a confession about my life but I think I‚Äôm gonna save it until the next podcast episode. Wh‚Ä¶ https://t.co/4XZa9HvBs4
1517668199365439488,theybelikefaith,Sat Apr 23 00:54:30 +0000 2022,-118.4119065,34.0207895,Where y‚Äôall be buying y‚Äôall dunks from?
1517668199357206528,Football_Guys,Sat Apr 23 00:54:30 +0000 2022,-83.9638415,35.9824705,Note to my business owner peeps. Be cool to your people. You work for them. And let them have weekends.HT:‚Ä¶ https://t.co/FNJO87I0WM
1517668200187453440,TeamDLH,Sat Apr 23 00:54:30 +0000 2022,-118.4119065,34.0207895,@jazz_deagent For more information on the ways we can help your music career you are welcome to visit our official‚Ä¶ https://t.co/OAZbdILfmQ
1517668201680850945,alcabrera14,Sat Apr 23 00:54:30 +0000 2022,-80.321611,25.912833,@LakersCanes305 @malachicane26 One of the best I've seen.
1517668204117590016,JenicaNorris,Sat Apr 23 00:54:31 +0000 2022,-122.3306025,47.614817,@SouthSoundShane IDK but whoever they are they can get ducked.
1517668203937345556,saltyjeepgirl00,Sat Apr 23 00:54:31 +0000 2022,-76.255686,36.895082,Hey guys!I‚Äôm trying to find opportunities being an adult model üòÉüòàIf any of you see this and know who I should co‚Ä¶ https://t.co/J2x9Zbn66M
1517668205002584064,TommyK53062,Sat Apr 23 00:54:31 +0000 2022,-111.7375655,33.4057545,@jamesholden007 Estimated net worth: $70 million
1517668205178744832,NikStreng,Sat Apr 23 00:54:31 +0000 2022,-122.770073,45.376468,"Through three innings pitched for Tualatin‚Äôs Logan Larrance, all four runs scored came off guys who were walked. #opreps"
1517668206500061186,14Jhill,Sat Apr 23 00:54:31 +0000 2022,-100.0768885,31.1688935,Happy birthday!! üéâüéäüéÇ
1517668206915338242,SmudgeShop,Sat Apr 23 00:54:32 +0000 2022,-83.01691,42.32155,Just posted a photo @ Smudge Metaphysical https://t.co/XUYuo8ruAr
1517668206672060417,swampybake,Sat Apr 23 00:54:32 +0000 2022,-88.414478,43.783302,Date night with the bearded wonder ‚ù§Ô∏è#datenight #beardedwonder #fridaynight #friday #ilovehim #happilymarried‚Ä¶ https://t.co/0w1LmYbob0
1517668207242395649,rbrathletics,Sat Apr 23 00:54:32 +0000 2022,-74.0418,40.3508,BUCS in college!!! Abby Decker helping Loyola reach the Patriot League semifinals for the 1st time in school histor‚Ä¶ https://t.co/8eOQy95107
1517668207594811392,ianhertenstein,Sat Apr 23 00:54:32 +0000 2022,-79.861034,35.1704985,@DjDaveeee Dude everything was on point. The production and everything was so fire.
1517668207619936257,lu11s__,Sat Apr 23 00:54:32 +0000 2022,-87.732013,41.8335845,I miss tyan :( imma show up at her crib on Sunday no type of announcement
1517668208106422272,mskellylove69,Sat Apr 23 00:54:32 +0000 2022,-84.433106,33.7671945,Getting myself back on track with my @OnlyFans starting tomorrow #onlyfans #Atlanta #ContentCreator
1517668208861351936,ih8blackolives,Sat Apr 23 00:54:32 +0000 2022,-122.805579,45.484892,"I feel like these are cool for the warmer weather, yay or nay? https://t.co/jo7lCKVrKR"
1517668209784242176,LilBlueDucky,Sat Apr 23 00:54:32 +0000 2022,-80.926628,33.6311395,@bizarrospeak Oh he looks SO SWEET!
1517668210014830592,debo_melo,Sat Apr 23 00:54:32 +0000 2022,-97.552161,35.4828435,Really feel something big is about to happen within my household üôèüèΩ
1517668208303607808,RightsandRespo1,Sat Apr 23 00:54:32 +0000 2022,-81.2487865,42.9488405,Earth day!! üåè‚ù§üá®üá¶#EarthDay https://t.co/0gJPo9Wnom
1517668210648170496,Th3KayleighKate,Sat Apr 23 00:54:32 +0000 2022,-80.926628,33.6311395,‚ÄúThey don‚Äôt bite‚Äù üòÇüòÇüòÇ
1517668210509639681,tmj_sea_itpm,Sat Apr 23 00:54:32 +0000 2022,-122.3320708,47.6062095,"If you're looking for work in Seattle, WA, check out this #IT #InformationTechnology job via the link in our bio: P‚Ä¶ https://t.co/I7Q6iV5XZ5"
1517668210610675712,jodireimerry,Sat Apr 23 00:54:32 +0000 2022,-75.3770124,37.9199216,"The colorful, marsh grass loving wild ponies of #Assateague and #Chincoteague Islands. And an operational lighthous‚Ä¶ https://t.co/O2jfwsRRfB"
1517668211088666624,RuegerNick,Sat Apr 23 00:54:33 +0000 2022,-77.60468399999999,41.1179365,Casuals. It‚Äôs HBK all day. His second run was amazing and he helped make so many guys.
1517668211054956544,PaneraCareers,Sat Apr 23 00:54:33 +0000 2022,-81.5451915,30.6261265,"Much more than a place to work, Panera is a place to be ourselves, and better, with plenty of opportunities for gro‚Ä¶ https://t.co/B45lRknvsn"
1517668211545673728,Michsteer,Sat Apr 23 00:54:33 +0000 2022,-117.7063095,33.529449,@John_Ka4y That‚Äôs so beautiful!
1517668211805855744,matt_lardie,Sat Apr 23 00:54:33 +0000 2022,-78.8954405,35.9909825,@mickiemangle Are you in Snow Camp!?
1517668212082720770,young_ent_,Sat Apr 23 00:54:33 +0000 2022,-86.24472850000001,32.364145,Riddle &amp; UCE being real physical in there! üò≥üò≥üò§üò§üò§üò§ #SmackDown
1517668212577603587,SpideyNYC82,Sat Apr 23 00:54:33 +0000 2022,-73.9487755,40.655138,@FinesseTheBooks The Double NRFI! https://t.co/e7tn9ryBk9
1517668213353496578,Cherryteee,Sat Apr 23 00:54:33 +0000 2022,-77.49317049999999,37.529883,@ChldishRicardo Yeah i couldn‚Äôt respect my man for allowing that. Lol
1517668213512970241,KayHaikitten,Sat Apr 23 00:54:33 +0000 2022,-114.47805556,47.00361111,"Just posted a photo @ Alberton, Montana https://t.co/INnwINalMc"
1517668215253610497,satonic_energy,Sat Apr 23 00:54:34 +0000 2022,-75.77004099999999,42.746617,NO FREEICKING WAY @GFuelEnergy @ES_FTW @GammaLabs  IM FINALLY GETTING UNCHARTED AND CHERRY YESSSSSS also don‚Äôt tell‚Ä¶ https://t.co/qbPhU9o8h1
1517668216436183041,bluekittygrl,Sat Apr 23 00:54:34 +0000 2022,-118.13196400000001,34.17731,Happiest Birthday to this queen @ashleyhollabakk!! üî•ü•≥üéâüéÇ
1517668218118164481,isorude_mark,Sat Apr 23 00:54:34 +0000 2022,-122.455344,47.242960499999995,@Super70sSports In 1988 we pooled together our money in the barracks and bought a case for under $8.00.
1517668218193825796,HarobedRetsiger,Sat Apr 23 00:54:34 +0000 2022,-83.804475,27.698681999999998,Oh Dear . Does everyone have an inappropriate touch in their lives ?!  YES . It's the actions that make the differe‚Ä¶ https://t.co/XDihjpMy0h
1517668220303413249,Daddeo10,Sat Apr 23 00:54:35 +0000 2022,-122.0429745,38.233362,"@henryzcohen No, Henry. It highlights the need for drastic criminal control."
1517668222694273025,SavafoSho,Sat Apr 23 00:54:35 +0000 2022,-90.64984949999999,38.500901999999996,Without You https://t.co/9amvCeFRv2 via @YouTubeMusic
1517668223960838144,Shadowtriggerf8,Sat Apr 23 00:54:36 +0000 2022,-73.92413457,40.82874907,"Just posted a photo @ Bronx, NY https://t.co/c57tnSzNma"
1517668224166514690,NYCKING,Sat Apr 23 00:54:36 +0000 2022,-73.8311875,40.6708795,#NBAPlayoffs PJ Tucker mic'd up
1517668224145494019,pardonmy_crown,Sat Apr 23 00:54:36 +0000 2022,-80.8467855,35.209058999999996,"If Karisha marry this man, she gone have to sneak me in the wedding party. And I‚Äôm definitely planning the bachelor‚Ä¶ https://t.co/XKG13TxM29"
1517668223902265346,TomBraggSports,Sat Apr 23 00:54:36 +0000 2022,-81.633705,38.347486,For the cursed images file: https://t.co/8MA2ZV4LF3
1517668225533755393,broccoli1789,Sat Apr 23 00:54:36 +0000 2022,-93.1056485,44.9415155,@ThatEricAlper Could have been some Medeski Martin &amp; Wood. I really liked End of the World Party (Just in Case) and‚Ä¶ https://t.co/cKK0bG6GJP
1517668225151950848,bigherosyd,Sat Apr 23 00:54:36 +0000 2022,-118.4119065,34.0207895,You won‚Äôt get me this time damn it https://t.co/wFXzCCr9HU
1517668226620174337,511NY,Sat Apr 23 00:54:36 +0000 2022,-73.811725,40.694102,Construction on #I678 NB from Exit 5 - 101st Avenue to Archer Ave https://t.co/ajsMABMGuU
1517668227404414980,511NY,Sat Apr 23 00:54:36 +0000 2022,-74.314078,40.605387,Incident on #GardenStateParkway NB at North of Colonia Service Area https://t.co/iXBLv7QmGJ
1517668228193005568,CoachValletta,Sat Apr 23 00:54:37 +0000 2022,-76.50886249999999,42.4494885,I love thisüíôüíö
1517668228650000389,nick1setter,Sat Apr 23 00:54:37 +0000 2022,-122.3306025,47.614817,Extend him now @Yankees
1517668229006692353,katherine_ortaa,Sat Apr 23 00:54:37 +0000 2022,-95.44648649999999,29.838495,Couple sitting in-front of me procreating at the Astros game
1517668229010931714,Des10_Logan,Sat Apr 23 00:54:37 +0000 2022,-84.5321325,33.9481235,Thank you more work to do ü§ù
